[{
  "_id": {
    "$oid": "64197a80382ac9a258d284ab"
  },
  "product_name": "gsfgsd",
  "price": "89",
  "product_image": "uploads/img-3.jpg",
  "product_description": "  hgzvhbjksfdghsfdkgsgb",
  "quantity": "89",
  "product_category": "male",
  "product_type": "shirt",
  "__v": 0
},{
  "_id": {
    "$oid": "64197b28382ac9a258d284b3"
  },
  "product_name": "sdfsdfsdf",
  "price": "98",
  "product_image": "uploads/img-3.jpg",
  "product_description": "  sdfsfsdffd",
  "quantity": "89",
  "product_category": "male",
  "product_type": "t-shirt",
  "__v": 0
},{
  "_id": {
    "$oid": "641981d6382ac9a258d284b8"
  },
  "product_name": "fdgdgs",
  "price": "65",
  "product_image": "uploads/img-3.jpg",
  "product_description": "  dfgfdgfgsgsfdggfsgsf",
  "quantity": "8956",
  "product_category": "male",
  "product_type": "shirt",
  "__v": 0
},{
  "_id": {
    "$oid": "641992f1c118898b206756d0"
  },
  "product_name": "xcvzvzc",
  "price": "98",
  "product_image": "uploads/1679397617917.jpg",
  "product_description": "  xzcxzcxzjcjhzgcjkhxzcvzcxc",
  "quantity": "100",
  "product_category": "male",
  "product_type": "t-shirt",
  "__v": 0
},{
  "_id": {
    "$oid": "641ad90b249027e836ec6ad0"
  },
  "product_name": "jysdjfgjsd",
  "price": "95",
  "product_image": "uploads/1679481099573.jpg",
  "product_description": "  dafsdfsfgsfdgfdgsfdgfdg",
  "quantity": "988",
  "product_category": "male",
  "product_type": "t-shirt",
  "__v": 0
},{
  "_id": {
    "$oid": "641adcb9249027e836ec6adb"
  },
  "product_name": "xcvxcvxcxcv",
  "price": "45",
  "product_image": "uploads/1679482041648.jpg",
  "product_description": "  hgasgjgjfgiasjfbjksdafyghsd",
  "quantity": "65",
  "product_category": "male",
  "product_type": "shirt",
  "__v": 0
},{
  "_id": {
    "$oid": "641c256d3b250b7a8748f6c2"
  },
  "product_name": "hsfkihygfskiy",
  "price": "965",
  "product_image": "uploads/1679566189445.jpg",
  "product_description": "  fiughjdhysdiugfisdhhfksdfyu",
  "quantity": "600",
  "product_category": "female",
  "product_type": "Western Wear",
  "__v": 0
},{
  "_id": {
    "$oid": "641c26e0ccbeb25dfda6042d"
  },
  "product_name": "sdfsdfsdf",
  "price": "65",
  "product_image": "uploads/1679566560711.jpg",
  "product_description": "  vsdfsdfsdf",
  "quantity": "95",
  "product_category": "female",
  "product_type": "t-shirt",
  "__v": 0
},{
  "_id": {
    "$oid": "641c280ddb3646da4c940c23"
  },
  "product_name": "fdshgfdhggfdh",
  "price": "69",
  "product_image": "uploads/1679566861378.jpg",
  "product_description": "  iusdhfiushyioghjkdasyg",
  "quantity": "100",
  "product_category": "female",
  "product_type": "Saree",
  "__v": 0
},{
  "_id": {
    "$oid": "641caa8e522f1e5660e3d690"
  },
  "product_name": "Allen Solly Men's Regular Fit Polo",
  "price": "2500",
  "product_image": "uploads\\1679600270517.jpg",
  "product_description": "Care Instructions: Machine Wash\r\nFit Type: Regular Fit\r\nOccasion : Casual\r\nFit : Regular Fit\r\nMaterial : 60% Cotton and 40% Polyester\r\nNeck : Polo Neck\r\nPattern : Solid",
  "quantity": "100",
  "product_category": "male",
  "product_type": "t-shirt",
  "__v": 0
},{
  "_id": {
    "$oid": "641cabf3522f1e5660e3d6b7"
  },
  "product_name": "TURMS Men's Polo T-Shirt",
  "price": "400",
  "product_image": "uploads\\1679600627569.jpg",
  "product_description": "  Care Instructions: Machine Wash\r\nFit Type: Tailored Fit\r\nCare Instructions: Simple hand/Machine Wash. Do not use fabric softener or bleach. Do not dry clean.\r\nAnti-Microbial - Resists the growth of mold on apparel\r\nAnti Odour: The casual shirt is enriched with silver ions to curb the growth of odour-causing bacteria which thrive on sweat. It will smell fresh even on constant use.\r\nFabric : 95% Premium Cotton 5%Spandex\r\nTailored Fit and Tailored Length",
  "quantity": "100",
  "product_category": "male",
  "product_type": "t-shirt",
  "__v": 0
}]